<mujoco model="chair">
  <worldbody>
    <body name="chair" pos="-0.35 0 0.2" quat="1 0 0 0">
      <geom name="seat" type="box" pos="0 0 0.12" size=".25 .35 .05" mass="10." material="seat"/>
      <geom name="seat_base" type="box" pos="-0.12 0 -0.05" size=".30 .35 .15" mass="10." material="back"/>
      <geom name="back" type="box" pos="-0.35 0 0.35" size=".05 0.35 .3" mass="10." quat="0.984 0 -0.178 0" material="back"/>
      <geom name="chair_leg_1" type="box" pos="-0.12  0.37 0.1" size=".3 0.05 .3" mass="5." quat="1 0 0 0" material="legs"/>
      <geom name="chair_leg_2" type="box" pos="-0.12 -0.37 0.1" size=".3 0.05 .3" mass="5." quat="1 0 0 0" material="legs"/>
    </body>
  </worldbody>

  <asset>
    <material name="seat" rgba="0.2  0.12  0.1 1"/>
    <material name="back" rgba="0.25  0.12  0.1 1"/>
    <material name="legs" rgba="0.3  0.12  0.1 1"/>
  </asset>

  <keyframe>
    <!--
    The values below are split into rows for readibility:
      torso position :    3
      torso orientation : 4
      spinal :            3
      right leg :         6
      left leg :          6
      arms :              6
      chair :             7
    -->
    <key name="home"
    qpos="
      -0.3729
      -0.0358
      0.9018
      0.99555
      0.05669
      -0.05346
      0.05304
      0.070186
      0.28932
      0.04422
      -0.07611
      -0.40237
      -1.80319
      -1.75152
      -0.02876
      -0.02198
      0.179219
      0.093576
      -1.67581
      -1.49138
      0.01844
      -0.06467
      0.677519
      -0.82367
      -0.94849
      0.859786
      -0.88692
      -1.14922"/>
  </keyframe>
</mujoco>
