<mujoco model="chair">
  <worldbody>
    <body name="chair" pos="-0.35 0 0.2" quat="1 0 0 0">
      <freejoint/>
      <geom name="seat" type="box" pos="0 0 0.15" size=".2 .25 .05" mass="1." material="seat"/>
      <geom name="back" type="box" pos="-0.25 0 0.45" size=".05 0.25 .35" mass="1." quat="1 0 0 0" material="legs"/>
      <geom name="chair_leg_1" type="box" pos="0.15 0.22 -0.05" size=".05 0.03 .15" mass="1." quat="1 0 0 0" material="legs"/>
      <geom name="chair_leg_2" type="box" pos="0.15 -0.22 -0.05" size=".05 0.03 .15" mass="1." quat="1 0 0 0" material="legs"/>
      <geom name="chair_leg_3" type="box" pos="-0.25 0.22 -0.05" size=".05 0.03 .15" mass="1." quat="1 0 0 0" material="legs"/>
      <geom name="chair_leg_4" type="box" pos="-0.25 -0.22 -0.05" size=".05 0.03 .15" mass="1." quat="1 0 0 0" material="legs"/>
    </body>
  </worldbody>

  <asset>
    <material name="seat" rgba="0.33333  0.20000  0.06667 1"/>
    <material name="legs" rgba="0.33333  0.20000  0.06667 1"/>
  </asset>

  <keyframe>
    <!--
    The values below are split into rows for readibility:
      torso position :    3
      torso orientation : 4
      spinal :            3
      right leg :         6
      left leg :          6
      arms :              6
      chair :             7
    -->
    <key name="home"
    qpos="
    -0.5153
    0.03293
    0.8773
    0.9976
    -0.0065
    0.06847
    0.0058
    -0.0687
    -0.7795
    0.02867
    0.0816
    0.0182
    -0.8685
    -1.7660
    -0.0817
    -0.0564
    0.0544
    0.0341
    -0.8660
    -1.2770
    0.06225
    -0.0022
    0.5645
    -0.4138
    -1.7504
    0.6516
    -0.5763
    -1.7503
    -0.4009
    0.00625
    0.1997
    0.99998
    -5.34e-05
    8.27e-05
    0.00636"/>
  </keyframe>
</mujoco>
