[
    {
        "contacts": [
            {
                "body1": 4,
                "body2": 21,
                "geom1": 5,
                "geom2": 20,
                "local_pos1": [
                    -0.030287911573965005,
                    0.004815256870587602,
                    -0.0894100602586016
                ],
                "local_pos2": [
                    -0.08357137165674333,
                    -0.0006287156427891016,
                    0.1700000000000001
                ]
            },
            {
                "body1": -1,
                "body2": -1,
                "geom1": -1,
                "geom2": -1,
                "local_pos1": [
                    0.030902021002374276,
                    -0.010539980375938231,
                    0.023107875532885222
                ],
                "local_pos2": [
                    0.17496449635445133,
                    0.3452783409875556,
                    0.39999999999999986
                ]
            },
            {
                "body1": 7,
                "body2": 0,
                "geom1": 8,
                "geom2": 0,
                "local_pos1": [
                    0.09050005753122557,
                    -0.0003754283050522459,
                    -0.010679658740233588
                ],
                "local_pos2": [
                    -0.012219168395155133,
                    -0.20868620608504912,
                    0.0
                ]
            },
            {
                "body1": 12,
                "body2": 0,
                "geom1": 12,
                "geom2": 0,
                "local_pos1": [
                    0.09052240930622941,
                    -0.008209380523737207,
                    -0.020974930769408352
                ],
                "local_pos2": [
                    -0.0024607824491855723,
                    0.177495228535462,
                    0.0
                ]
            },
            {
                "body1": 1,
                "body2": 0,
                "geom1": 1,
                "geom2": 0,
                "local_pos1": [
                    0.06999055671344898,
                    -0.024455730480426652,
                    0.0011497699510759733
                ],
                "local_pos2": [
                    -0.21394008810379944,
                    -0.00546991901340337,
                    0.9
                ]
            }
        ],
        "facing_target": [],
        "name": "sit_leanforward1",
        "success_sustain_time": 0.325,
        "target_distance_tolerance": 0.18,
        "time_limit": 5.0,
        "weight": {
            "COM Feet XY": 0.0,
            "CoM Vel.": 0.0,
            "Contact": 100.0,
            "Control": 0.1,
            "Facing Dir": 0.0,
            "Head Height": 0.0,
            "Joint Vel.": 0.01,
            "Knee Feet XY": 0.0,
            "LFoot Up": 0.0,
            "Pelvis Up": 0.0,
            "RFoot Up": 0.0,
            "Torso Height": 0.0,
            "Torso Up": 0.0
        }
    },
    {
        "contacts": [
            {
                "body1": 4,
                "body2": 21,
                "geom1": 5,
                "geom2": 20,
                "local_pos1": [
                    -0.109999,
                    -0.045599,
                    0.000472
                ],
                "local_pos2": [
                    -0.143933,
                    0.004582,
                    0.17
                ]
            },
            {
                "body1": 1,
                "body2": 21,
                "geom1": 1,
                "geom2": 21,
                "local_pos1": [
                    -0.061753,
                    -0.020781,
                    -0.032963
                ],
                "local_pos2": [
                    -0.368475,
                    -0.015674,
                    0.54212
                ]
            },
            {
                "body1": 7,
                "body2": 0,
                "geom1": 9,
                "geom2": 0,
                "local_pos1": [
                    0.058889,
                    0.014053,
                    -0.02573
                ],
                "local_pos2": [
                    0.059334,
                    -0.217544,
                    0.0
                ]
            },
            {
                "body1": 12,
                "body2": 0,
                "geom1": 12,
                "geom2": 0,
                "local_pos1": [
                    0.066571,
                    -0.012282,
                    -0.0248
                ],
                "local_pos2": [
                    0.088113,
                    0.237827,
                    0.0
                ]
            },
            {
                "body1": -1,
                "body2": -1,
                "geom1": -1,
                "geom2": -1,
                "local_pos1": [
                    0.0,
                    0.0,
                    0.0
                ],
                "local_pos2": [
                    0.0,
                    0.0,
                    0.0
                ]
            }
        ],
        "facing_target": [],
        "name": "armchair0",
        "success_sustain_time": 1.0,
        "target_distance_tolerance": 0.3,
        "time_limit": 5.0,
        "weight": {
            "COM Feet XY": 0.0,
            "CoM Vel.": 10.0,
            "Contact": 100.0,
            "Control": 0.8,
            "Facing Dir": 0.0,
            "Head Height": 0.0,
            "Joint Vel.": 0.01,
            "Knee Feet XY": 30.0,
            "LFoot Up": 5.0,
            "Pelvis Up": 10.0,
            "RFoot Up": 5.0,
            "Torse Target": 0.0,
            "Torso Height": 20.0,
            "Torso Up": 10.0
        }
    },
    {
        "contacts": [
            {
                "body1": 4,
                "body2": 21,
                "geom1": 5,
                "geom2": 20,
                "local_pos1": [
                    -0.030287911573965005,
                    0.004815256870587602,
                    -0.0894100602586016
                ],
                "local_pos2": [
                    -0.08357137165674333,
                    -0.0006287156427891016,
                    0.1700000000000001
                ]
            },
            {
                "body1": -1,
                "body2": -1,
                "geom1": -1,
                "geom2": -1,
                "local_pos1": [
                    0.030902021002374276,
                    -0.010539980375938231,
                    0.023107875532885222
                ],
                "local_pos2": [
                    0.17496449635445133,
                    0.3452783409875556,
                    0.39999999999999986
                ]
            },
            {
                "body1": 7,
                "body2": 0,
                "geom1": 8,
                "geom2": 0,
                "local_pos1": [
                    0.09050005753122557,
                    -0.0003754283050522459,
                    -0.010679658740233588
                ],
                "local_pos2": [
                    -0.012219168395155133,
                    -0.20868620608504912,
                    0.0
                ]
            },
            {
                "body1": 12,
                "body2": 0,
                "geom1": 12,
                "geom2": 0,
                "local_pos1": [
                    0.09052240930622941,
                    -0.008209380523737207,
                    -0.020974930769408352
                ],
                "local_pos2": [
                    -0.0024607824491855723,
                    0.177495228535462,
                    0.0
                ]
            },
            {
                "body1": 1,
                "body2": 0,
                "geom1": 1,
                "geom2": 0,
                "local_pos1": [
                    0.06999055671344898,
                    -0.024455730480426652,
                    0.0011497699510759733
                ],
                "local_pos2": [
                    -0.21394008810379944,
                    -0.00546991901340337,
                    0.9
                ]
            }
        ],
        "facing_target": [],
        "name": "sit_leanforward1",
        "success_sustain_time": 0.325,
        "target_distance_tolerance": 0.18,
        "time_limit": 5.0,
        "weight": {
            "COM Feet XY": 0.0,
            "CoM Vel.": 0.0,
            "Contact": 100.0,
            "Control": 0.1,
            "Facing Dir": 0.0,
            "Head Height": 0.0,
            "Joint Vel.": 0.01,
            "Knee Feet XY": 0.0,
            "LFoot Up": 0.0,
            "Pelvis Up": 0.0,
            "RFoot Up": 0.0,
            "Torso Height": 0.0,
            "Torso Up": 0.0
        }
    },
    {
        "contacts": [
            {
                "body1": 4,
                "body2": 21,
                "geom1": 5,
                "geom2": 20,
                "local_pos1": [
                    -0.030287911573965005,
                    0.004815256870587602,
                    -0.0894100602586016
                ],
                "local_pos2": [
                    -0.08357137165674333,
                    -0.0006287156427891016,
                    0.1700000000000001
                ]
            },
            {
                "body1": -1,
                "body2": -1,
                "geom1": -1,
                "geom2": -1,
                "local_pos1": [
                    0.030902021002374276,
                    -0.010539980375938231,
                    0.023107875532885222
                ],
                "local_pos2": [
                    0.17496449635445133,
                    0.3452783409875556,
                    0.39999999999999986
                ]
            },
            {
                "body1": 7,
                "body2": 0,
                "geom1": 8,
                "geom2": 0,
                "local_pos1": [
                    0.09050005753122557,
                    -0.0003754283050522459,
                    -0.010679658740233588
                ],
                "local_pos2": [
                    -0.012219168395155133,
                    -0.20868620608504912,
                    0.0
                ]
            },
            {
                "body1": 12,
                "body2": 0,
                "geom1": 12,
                "geom2": 0,
                "local_pos1": [
                    0.09052240930622941,
                    -0.008209380523737207,
                    -0.020974930769408352
                ],
                "local_pos2": [
                    -0.0024607824491855723,
                    0.177495228535462,
                    0.0
                ]
            },
            {
                "body1": 1,
                "body2": 0,
                "geom1": 1,
                "geom2": 0,
                "local_pos1": [
                    0.06999055671344898,
                    -0.024455730480426652,
                    0.0011497699510759733
                ],
                "local_pos2": [
                    -0.1,
                    0.0,
                    0.85
                ]
            }
        ],
        "facing_target": [],
        "name": "sit_leanforward2",
        "success_sustain_time": 0.325,
        "target_distance_tolerance": 0.18,
        "time_limit": 5.0,
        "weight": {
            "COM Feet XY": 0.0,
            "CoM Vel.": 0.0,
            "Contact": 100.0,
            "Control": 0.1,
            "Facing Dir": 0.0,
            "Head Height": 0.0,
            "Joint Vel.": 0.01,
            "Knee Feet XY": 0.0,
            "LFoot Up": 0.0,
            "Pelvis Up": 0.0,
            "RFoot Up": 0.0,
            "Torso Height": 0.0,
            "Torso Up": 0.0
        }
    },
    {
        "contacts": [
            {
                "body1": -1,
                "body2": -1,
                "geom1": -1,
                "geom2": -1,
                "local_pos1": [
                    0.0,
                    0.0,
                    0.0
                ],
                "local_pos2": [
                    0.0,
                    0.0,
                    0.0
                ]
            },
            {
                "body1": -1,
                "body2": -1,
                "geom1": -1,
                "geom2": -1,
                "local_pos1": [
                    0.0,
                    0.0,
                    0.0
                ],
                "local_pos2": [
                    0.0,
                    0.0,
                    0.0
                ]
            },
            {
                "body1": -1,
                "body2": -1,
                "geom1": -1,
                "geom2": -1,
                "local_pos1": [
                    0.088251,
                    0.005847,
                    -0.019046
                ],
                "local_pos2": [
                    0.065443,
                    -0.1864,
                    0.0
                ]
            },
            {
                "body1": -1,
                "body2": -1,
                "geom1": -1,
                "geom2": -1,
                "local_pos1": [
                    0.049769,
                    -0.014707,
                    -0.026163
                ],
                "local_pos2": [
                    0.068107,
                    0.182984,
                    0.0
                ]
            },
            {
                "body1": 1,
                "body2": 0,
                "geom1": 1,
                "geom2": 0,
                "local_pos1": [
                    0.037814,
                    -0.003873,
                    -0.058907
                ],
                "local_pos2": [
                    0.013783,
                    -0.006972,
                    1.2
                ]
            }
        ],
        "facing_target": [],
        "name": "sit2stand",
        "success_sustain_time": 1.0,
        "target_distance_tolerance": 0.5,
        "time_limit": 5.0,
        "weight": {
            "COM Feet XY": 100.0,
            "CoM Vel.": 0.0,
            "Contact": 0.0,
            "Control": 0.025,
            "Facing Dir": 0.0,
            "Head Height": 80.0,
            "Joint Vel.": 0.01,
            "Knee Feet XY": 0.0,
            "LFoot Up": 1.0,
            "Pelvis Up": 0.0,
            "RFoot Up": 1.0,
            "Torse Target": 0.0,
            "Torso Height": 0.0,
            "Torso Up": 10.0
        }
    },
    {
        "contacts": [
            {
                "body1": -1,
                "body2": -1,
                "geom1": -1,
                "geom2": -1,
                "local_pos1": [
                    0.0,
                    0.0,
                    0.0
                ],
                "local_pos2": [
                    0.0,
                    0.0,
                    0.0
                ]
            },
            {
                "body1": -1,
                "body2": -1,
                "geom1": -1,
                "geom2": -1,
                "local_pos1": [
                    0.0,
                    0.0,
                    0.0
                ],
                "local_pos2": [
                    0.0,
                    0.0,
                    0.0
                ]
            },
            {
                "body1": -1,
                "body2": -1,
                "geom1": -1,
                "geom2": -1,
                "local_pos1": [
                    0.088251,
                    0.005847,
                    -0.019046
                ],
                "local_pos2": [
                    0.065443,
                    -0.1864,
                    0.0
                ]
            },
            {
                "body1": -1,
                "body2": -1,
                "geom1": -1,
                "geom2": -1,
                "local_pos1": [
                    0.049769,
                    -0.014707,
                    -0.026163
                ],
                "local_pos2": [
                    0.068107,
                    0.182984,
                    0.0
                ]
            },
            {
                "body1": 1,
                "body2": 0,
                "geom1": 1,
                "geom2": 0,
                "local_pos1": [
                    0.037814,
                    -0.003873,
                    -0.058907
                ],
                "local_pos2": [
                    0.013783,
                    -0.006972,
                    1.2
                ]
            }
        ],
        "facing_target": [],
        "name": "stand",
        "success_sustain_time": 1.0,
        "target_distance_tolerance": 0.5,
        "time_limit": 5.0,
        "weight": {
            "COM Feet XY": 100.0,
            "CoM Vel.": 0.0,
            "Contact": 0.0,
            "Control": 0.025,
            "Facing Dir": 0.0,
            "Head Height": 80.0,
            "Joint Vel.": 0.01,
            "Knee Feet XY": 0.0,
            "LFoot Up": 1.0,
            "Pelvis Up": 0.0,
            "RFoot Up": 1.0,
            "Torse Target": 0.0,
            "Torso Height": 0.0,
            "Torso Up": 10.0
        }
    }
]