[
    {
        "contacts": [
            {
                "body1": 4,
                "body2": 21,
                "geom1": 5,
                "geom2": 20,
                "local_pos1": [
                    -0.050036342004474946,
                    -0.0003074581098543223,
                    -0.08483995614679576
                ],
                "local_pos2": [
                    0.0,
                    0.0,
                    0.4
                ]
            },
            {
                "body1": 7,
                "body2": 0,
                "geom1": 8,
                "geom2": 0,
                "local_pos1": [
                    0.07605052653852291,
                    -0.008441791958672439,
                    -0.022178780452783223
                ],
                "local_pos2": [
                    0.42369680832196044,
                    -0.15296410750287368,
                    0.0
                ]
            },
            {
                "body1": 12,
                "body2": 0,
                "geom1": 13,
                "geom2": 0,
                "local_pos1": [
                    0.0826109548709775,
                    0.0014912095167608993,
                    -0.01424027282327213
                ],
                "local_pos2": [
                    0.4349132891612387,
                    0.18469982807799706,
                    0.0
                ]
            },
            {
                "body1": -1,
                "body2": -1,
                "geom1": -1,
                "geom2": -1,
                "local_pos1": [
                    0.0,
                    0.0,
                    0.0
                ],
                "local_pos2": [
                    0.0,
                    0.0,
                    0.0
                ]
            },
            {
                "body1": -1,
                "body2": -1,
                "geom1": -1,
                "geom2": -1,
                "local_pos1": [
                    0.0,
                    0.0,
                    0.0
                ],
                "local_pos2": [
                    0.0,
                    0.0,
                    0.0
                ]
            }
        ],
        "facing_target": [],
        "name": "rot1",
        "success_sustain_time": 1.0,
        "target_distance_tolerance": 0.1,
        "time_limit": 5.0,
        "weight": {
            "COM Feet XY": 0.0,
            "CoM Vel.": 10.0,
            "Contact": 100.0,
            "Control": 0.8,
            "Facing Dir": 0.0,
            "Head Height": 0.0,
            "Joint Vel.": 0.01,
            "Knee Feet XY": 14.499999999999998,
            "LFoot Up": 7.000000000000001,
            "Pelvis Up": 49.5,
            "RFoot Up": 9.0,
            "Torso Height": 0.0,
            "Torso Up": 100
        }
    },
    {
        "contacts": [
            {
                "body1": 4,
                "body2": 21,
                "geom1": 5,
                "geom2": 20,
                "local_pos1": [
                    -0.050036342004474946,
                    -0.0003074581098543223,
                    -0.08483995614679576
                ],
                "local_pos2": [
                    0.0,
                    0.0,
                    0.4
                ]
            },
            {
                "body1": 7,
                "body2": 0,
                "geom1": 8,
                "geom2": 0,
                "local_pos1": [
                    0.07605052653852291,
                    -0.008441791958672439,
                    -0.022178780452783223
                ],
                "local_pos2": [
                    0.42,
                    0.18,
                    0.0
                ]
            },
            {
                "body1": 12,
                "body2": 0,
                "geom1": 13,
                "geom2": 0,
                "local_pos1": [
                    0.0826109548709775,
                    0.0014912095167608993,
                    -0.01424027282327213
                ],
                "local_pos2": [
                    0.16970562748477142,
                    0.42426406871192845,
                    0.0
                ]
            },
            {
                "body1": -1,
                "body2": -1,
                "geom1": -1,
                "geom2": -1,
                "local_pos1": [
                    0.0,
                    0.0,
                    0.0
                ],
                "local_pos2": [
                    0.0,
                    0.0,
                    0.0
                ]
            },
            {
                "body1": -1,
                "body2": -1,
                "geom1": -1,
                "geom2": -1,
                "local_pos1": [
                    0.0,
                    0.0,
                    0.0
                ],
                "local_pos2": [
                    0.0,
                    0.0,
                    0.0
                ]
            }
        ],
        "facing_target": [],
        "name": "rot2",
        "success_sustain_time": 1.0,
        "target_distance_tolerance": 0.1,
        "time_limit": 5.0,
        "weight": {
            "COM Feet XY": 0.0,
            "CoM Vel.": 10.0,
            "Contact": 100.0,
            "Control": 0.8,
            "Facing Dir": 0.0,
            "Head Height": 0.0,
            "Joint Vel.": 0.01,
            "Knee Feet XY": 14.499999999999998,
            "LFoot Up": 7.000000000000001,
            "Pelvis Up": 49.5,
            "RFoot Up": 9.0,
            "Torso Height": 0.0,
            "Torso Up": 100
        }
    },
    {
        "contacts": [
            {
                "body1": 4,
                "body2": 21,
                "geom1": 5,
                "geom2": 20,
                "local_pos1": [
                    -0.050036342004474946,
                    -0.0003074581098543223,
                    -0.08483995614679576
                ],
                "local_pos2": [
                    0.0,
                    0.0,
                    0.4
                ]
            },
            {
                "body1": 7,
                "body2": 0,
                "geom1": 8,
                "geom2": 0,
                "local_pos1": [
                    0.07605052653852291,
                    -0.008441791958672439,
                    -0.022178780452783223
                ],
                "local_pos2": [
                    0.16970562748477142,
                    0.42426406871192845,
                    0.0
                ]
            },
            {
                "body1": 12,
                "body2": 0,
                "geom1": 13,
                "geom2": 0,
                "local_pos1": [
                    0.0826109548709775,
                    0.0014912095167608993,
                    -0.01424027282327213
                ],
                "local_pos2": [
                    -0.17999999999999997,
                    0.42,
                    0.0
                ]
            },
            {
                "body1": -1,
                "body2": -1,
                "geom1": -1,
                "geom2": -1,
                "local_pos1": [
                    0.0,
                    0.0,
                    0.0
                ],
                "local_pos2": [
                    0.0,
                    0.0,
                    0.0
                ]
            },
            {
                "body1": -1,
                "body2": -1,
                "geom1": -1,
                "geom2": -1,
                "local_pos1": [
                    0.0,
                    0.0,
                    0.0
                ],
                "local_pos2": [
                    0.0,
                    0.0,
                    0.0
                ]
            }
        ],
        "facing_target": [],
        "name": "rot3",
        "success_sustain_time": 1.0,
        "target_distance_tolerance": 0.1,
        "time_limit": 5.0,
        "weight": {
            "COM Feet XY": 0.0,
            "CoM Vel.": 10.0,
            "Contact": 100.0,
            "Control": 0.8,
            "Facing Dir": 0.0,
            "Head Height": 0.0,
            "Joint Vel.": 0.01,
            "Knee Feet XY": 14.499999999999998,
            "LFoot Up": 7.000000000000001,
            "Pelvis Up": 49.5,
            "RFoot Up": 9.0,
            "Torso Height": 0.0,
            "Torso Up": 100
        }
    },
    {
        "contacts": [
            {
                "body1": 4,
                "body2": 21,
                "geom1": 5,
                "geom2": 20,
                "local_pos1": [
                    -0.050036342004474946,
                    -0.0003074581098543223,
                    -0.08483995614679576
                ],
                "local_pos2": [
                    0.0,
                    0.0,
                    0.4
                ]
            },
            {
                "body1": 7,
                "body2": 0,
                "geom1": 8,
                "geom2": 0,
                "local_pos1": [
                    0.07605052653852291,
                    -0.008441791958672439,
                    -0.022178780452783223
                ],
                "local_pos2": [
                    -0.17999999999999997,
                    0.42,
                    0.0
                ]
            },
            {
                "body1": 12,
                "body2": 0,
                "geom1": 13,
                "geom2": 0,
                "local_pos1": [
                    0.0826109548709775,
                    0.0014912095167608993,
                    -0.01424027282327213
                ],
                "local_pos2": [
                    -0.42426406871192845,
                    0.16970562748477142,
                    0.0
                ]
            },
            {
                "body1": -1,
                "body2": -1,
                "geom1": -1,
                "geom2": -1,
                "local_pos1": [
                    0.0,
                    0.0,
                    0.0
                ],
                "local_pos2": [
                    0.0,
                    0.0,
                    0.0
                ]
            },
            {
                "body1": -1,
                "body2": -1,
                "geom1": -1,
                "geom2": -1,
                "local_pos1": [
                    0.0,
                    0.0,
                    0.0
                ],
                "local_pos2": [
                    0.0,
                    0.0,
                    0.0
                ]
            }
        ],
        "facing_target": [],
        "name": "rot4",
        "success_sustain_time": 1.0,
        "target_distance_tolerance": 0.1,
        "time_limit": 5.0,
        "weight": {
            "COM Feet XY": 0.0,
            "CoM Vel.": 10.0,
            "Contact": 100.0,
            "Control": 0.8,
            "Facing Dir": 0.0,
            "Head Height": 0.0,
            "Joint Vel.": 0.01,
            "Knee Feet XY": 14.499999999999998,
            "LFoot Up": 7.000000000000001,
            "Pelvis Up": 49.5,
            "RFoot Up": 9.0,
            "Torso Height": 0.0,
            "Torso Up": 100
        }
    },
    {
        "contacts": [
            {
                "body1": 4,
                "body2": 21,
                "geom1": 5,
                "geom2": 20,
                "local_pos1": [
                    -0.050036342004474946,
                    -0.0003074581098543223,
                    -0.08483995614679576
                ],
                "local_pos2": [
                    0.0,
                    0.0,
                    0.4
                ]
            },
            {
                "body1": 7,
                "body2": 0,
                "geom1": 8,
                "geom2": 0,
                "local_pos1": [
                    0.07605052653852291,
                    -0.008441791958672439,
                    -0.022178780452783223
                ],
                "local_pos2": [
                    -0.42426406871192845,
                    0.16970562748477142,
                    0.0
                ]
            },
            {
                "body1": 12,
                "body2": 0,
                "geom1": 13,
                "geom2": 0,
                "local_pos1": [
                    0.0826109548709775,
                    0.0014912095167608993,
                    -0.01424027282327213
                ],
                "local_pos2": [
                    -0.42,
                    -0.17999999999999994,
                    0.0
                ]
            },
            {
                "body1": -1,
                "body2": -1,
                "geom1": -1,
                "geom2": -1,
                "local_pos1": [
                    0.0,
                    0.0,
                    0.0
                ],
                "local_pos2": [
                    0.0,
                    0.0,
                    0.0
                ]
            },
            {
                "body1": -1,
                "body2": -1,
                "geom1": -1,
                "geom2": -1,
                "local_pos1": [
                    0.0,
                    0.0,
                    0.0
                ],
                "local_pos2": [
                    0.0,
                    0.0,
                    0.0
                ]
            }
        ],
        "facing_target": [],
        "name": "rot5",
        "success_sustain_time": 1.0,
        "target_distance_tolerance": 0.1,
        "time_limit": 5.0,
        "weight": {
            "COM Feet XY": 0.0,
            "CoM Vel.": 10.0,
            "Contact": 100.0,
            "Control": 0.8,
            "Facing Dir": 0.0,
            "Head Height": 0.0,
            "Joint Vel.": 0.01,
            "Knee Feet XY": 14.499999999999998,
            "LFoot Up": 7.000000000000001,
            "Pelvis Up": 49.5,
            "RFoot Up": 9.0,
            "Torso Height": 0.0,
            "Torso Up": 100
        }
    },
    {
        "contacts": [
            {
                "body1": 4,
                "body2": 21,
                "geom1": 5,
                "geom2": 20,
                "local_pos1": [
                    -0.050036342004474946,
                    -0.0003074581098543223,
                    -0.08483995614679576
                ],
                "local_pos2": [
                    0.0,
                    0.0,
                    0.4
                ]
            },
            {
                "body1": 7,
                "body2": 0,
                "geom1": 8,
                "geom2": 0,
                "local_pos1": [
                    0.07605052653852291,
                    -0.008441791958672439,
                    -0.022178780452783223
                ],
                "local_pos2": [
                    -0.42,
                    -0.17999999999999994,
                    0.0
                ]
            },
            {
                "body1": 12,
                "body2": 0,
                "geom1": 13,
                "geom2": 0,
                "local_pos1": [
                    0.0826109548709775,
                    0.0014912095167608993,
                    -0.01424027282327213
                ],
                "local_pos2": [
                    -0.16970562748477147,
                    -0.42426406871192845,
                    0.0
                ]
            },
            {
                "body1": -1,
                "body2": -1,
                "geom1": -1,
                "geom2": -1,
                "local_pos1": [
                    0.0,
                    0.0,
                    0.0
                ],
                "local_pos2": [
                    0.0,
                    0.0,
                    0.0
                ]
            },
            {
                "body1": -1,
                "body2": -1,
                "geom1": -1,
                "geom2": -1,
                "local_pos1": [
                    0.0,
                    0.0,
                    0.0
                ],
                "local_pos2": [
                    0.0,
                    0.0,
                    0.0
                ]
            }
        ],
        "facing_target": [],
        "name": "rot6",
        "success_sustain_time": 1.0,
        "target_distance_tolerance": 0.1,
        "time_limit": 5.0,
        "weight": {
            "COM Feet XY": 0.0,
            "CoM Vel.": 10.0,
            "Contact": 100.0,
            "Control": 0.8,
            "Facing Dir": 0.0,
            "Head Height": 0.0,
            "Joint Vel.": 0.01,
            "Knee Feet XY": 14.499999999999998,
            "LFoot Up": 7.000000000000001,
            "Pelvis Up": 49.5,
            "RFoot Up": 9.0,
            "Torso Height": 0.0,
            "Torso Up": 100
        }
    },
    {
        "contacts": [
            {
                "body1": 4,
                "body2": 21,
                "geom1": 5,
                "geom2": 20,
                "local_pos1": [
                    -0.050036342004474946,
                    -0.0003074581098543223,
                    -0.08483995614679576
                ],
                "local_pos2": [
                    0.0,
                    0.0,
                    0.4
                ]
            },
            {
                "body1": 7,
                "body2": 0,
                "geom1": 8,
                "geom2": 0,
                "local_pos1": [
                    0.07605052653852291,
                    -0.008441791958672439,
                    -0.022178780452783223
                ],
                "local_pos2": [
                    -0.16970562748477147,
                    -0.42426406871192845,
                    0.0
                ]
            },
            {
                "body1": 12,
                "body2": 0,
                "geom1": 13,
                "geom2": 0,
                "local_pos1": [
                    0.0826109548709775,
                    0.0014912095167608993,
                    -0.01424027282327213
                ],
                "local_pos2": [
                    0.1799999999999999,
                    -0.42000000000000004,
                    0.0
                ]
            },
            {
                "body1": -1,
                "body2": -1,
                "geom1": -1,
                "geom2": -1,
                "local_pos1": [
                    0.0,
                    0.0,
                    0.0
                ],
                "local_pos2": [
                    0.0,
                    0.0,
                    0.0
                ]
            },
            {
                "body1": -1,
                "body2": -1,
                "geom1": -1,
                "geom2": -1,
                "local_pos1": [
                    0.0,
                    0.0,
                    0.0
                ],
                "local_pos2": [
                    0.0,
                    0.0,
                    0.0
                ]
            }
        ],
        "facing_target": [],
        "name": "rot7",
        "success_sustain_time": 1.0,
        "target_distance_tolerance": 0.1,
        "time_limit": 5.0,
        "weight": {
            "COM Feet XY": 0.0,
            "CoM Vel.": 10.0,
            "Contact": 100.0,
            "Control": 0.8,
            "Facing Dir": 0.0,
            "Head Height": 0.0,
            "Joint Vel.": 0.01,
            "Knee Feet XY": 14.499999999999998,
            "LFoot Up": 7.000000000000001,
            "Pelvis Up": 49.5,
            "RFoot Up": 9.0,
            "Torso Height": 0.0,
            "Torso Up": 100
        }
    },
    {
        "contacts": [
            {
                "body1": 4,
                "body2": 21,
                "geom1": 5,
                "geom2": 20,
                "local_pos1": [
                    -0.050036342004474946,
                    -0.0003074581098543223,
                    -0.08483995614679576
                ],
                "local_pos2": [
                    0.0,
                    0.0,
                    0.4
                ]
            },
            {
                "body1": 7,
                "body2": 0,
                "geom1": 8,
                "geom2": 0,
                "local_pos1": [
                    0.07605052653852291,
                    -0.008441791958672439,
                    -0.022178780452783223
                ],
                "local_pos2": [
                    0.1799999999999999,
                    -0.42000000000000004,
                    0.0
                ]
            },
            {
                "body1": 12,
                "body2": 0,
                "geom1": 13,
                "geom2": 0,
                "local_pos1": [
                    0.0826109548709775,
                    0.0014912095167608993,
                    -0.01424027282327213
                ],
                "local_pos2": [
                    0.42426406871192845,
                    -0.1697056274847715,
                    0.0
                ]
            },
            {
                "body1": -1,
                "body2": -1,
                "geom1": -1,
                "geom2": -1,
                "local_pos1": [
                    0.0,
                    0.0,
                    0.0
                ],
                "local_pos2": [
                    0.0,
                    0.0,
                    0.0
                ]
            },
            {
                "body1": -1,
                "body2": -1,
                "geom1": -1,
                "geom2": -1,
                "local_pos1": [
                    0.0,
                    0.0,
                    0.0
                ],
                "local_pos2": [
                    0.0,
                    0.0,
                    0.0
                ]
            }
        ],
        "facing_target": [],
        "name": "rot8",
        "success_sustain_time": 1.0,
        "target_distance_tolerance": 0.1,
        "time_limit": 5.0,
        "weight": {
            "COM Feet XY": 0.0,
            "CoM Vel.": 10.0,
            "Contact": 100.0,
            "Control": 0.8,
            "Facing Dir": 0.0,
            "Head Height": 0.0,
            "Joint Vel.": 0.01,
            "Knee Feet XY": 14.499999999999998,
            "LFoot Up": 7.000000000000001,
            "Pelvis Up": 49.5,
            "RFoot Up": 9.0,
            "Torso Height": 0.0,
            "Torso Up": 100
        }
    },
    {
        "contacts": [
            {
                "body1": 4,
                "body2": 21,
                "geom1": 5,
                "geom2": 20,
                "local_pos1": [
                    -0.050036342004474946,
                    -0.0003074581098543223,
                    -0.08483995614679576
                ],
                "local_pos2": [
                    0.0,
                    0.0,
                    0.4
                ]
            },
            {
                "body1": 7,
                "body2": 0,
                "geom1": 8,
                "geom2": 0,
                "local_pos1": [
                    0.07605052653852291,
                    -0.008441791958672439,
                    -0.022178780452783223
                ],
                "local_pos2": [
                    0.42369680832196044,
                    -0.15296410750287368,
                    0.0
                ]
            },
            {
                "body1": 12,
                "body2": 0,
                "geom1": 13,
                "geom2": 0,
                "local_pos1": [
                    0.0826109548709775,
                    0.0014912095167608993,
                    -0.01424027282327213
                ],
                "local_pos2": [
                    0.4349132891612387,
                    0.18469982807799706,
                    0.0
                ]
            },
            {
                "body1": -1,
                "body2": -1,
                "geom1": -1,
                "geom2": -1,
                "local_pos1": [
                    0.0,
                    0.0,
                    0.0
                ],
                "local_pos2": [
                    0.0,
                    0.0,
                    0.0
                ]
            },
            {
                "body1": -1,
                "body2": -1,
                "geom1": -1,
                "geom2": -1,
                "local_pos1": [
                    0.0,
                    0.0,
                    0.0
                ],
                "local_pos2": [
                    0.0,
                    0.0,
                    0.0
                ]
            }
        ],
        "facing_target": [],
        "name": "rot1",
        "success_sustain_time": 1.0,
        "target_distance_tolerance": 0.1,
        "time_limit": 5.0,
        "weight": {
            "COM Feet XY": 0.0,
            "CoM Vel.": 10.0,
            "Contact": 100.0,
            "Control": 0.8,
            "Facing Dir": 0.0,
            "Head Height": 0.0,
            "Joint Vel.": 0.01,
            "Knee Feet XY": 14.499999999999998,
            "LFoot Up": 7.000000000000001,
            "Pelvis Up": 49.5,
            "RFoot Up": 9.0,
            "Torso Height": 0.0,
            "Torso Up": 100
        }
    }
]