<mujoco model="Particle Control">
  <include file="../common.xml"/>
  <!-- modified from: https://github.com/google-deepmind/dm_control/blob/main/dm_control/suite/point_mass.xml -->
  <include file="particle_modified.xml" />

  <size memory="10K"/>

  <custom>
    <!-- agent -->
    <numeric name="task_risk" data="1" />
    <numeric name="agent_planner" data="0" />
    <numeric name="agent_horizon" data="0.5" />
    <numeric name="agent_timestep" data="0.01" />
    <numeric name="agent_policy_width" data="0.0015" />
    <numeric name="sampling_spline_points" data="5" />
    <numeric name="sampling_exploration" data="0.01" />
    <numeric name="gradient_spline_points" data="5" />

    <!-- estimator -->
    <numeric name="estimator" data="0" />
    <numeric name="estimator_sensor_start" data="3" />
    <numeric name="estimator_number_sensor" data="3" />
    <numeric name="estimator_timestep" data="0.01" />
    <numeric name="batch_configuration_length" data="10" />
    <numeric name="batch_scale_prior" data="1.0e-3" />
  </custom>

  <sensor>
    <!-- cost -->
    <user name="Position" dim="2" user="0 5.0 0.0 10.0" />
    <user name="Velocity" dim="2" user="0 0.1 0.0 1.0" />
    <user name="Control" dim="2" user="0 0.1 0.0 1.0" />

    <!-- estimator -->
    <jointpos name="x" joint="root_x" />
    <jointpos name="y" joint="root_y" />
    <accelerometer name="acc" site="tip" />

    <!-- trace -->
    <framepos name="trace0" objtype="site" objname="tip"/>

    <!-- residual -->
    <framepos name="position" objtype="site" objname="tip"/>
    <framelinvel name="velocity" objtype="site" objname="tip"/>
  </sensor>
</mujoco>
