<mujoco model="OP3 Get Up">
  <include file="../common.xml"/>
  <!-- modified from https://github.com/google-deepmind/mujoco_menagerie/tree/main/robotis_op3 -->
  <include file="op3_modified.xml" />
  <size memory="400K"/>

  <custom>
    <numeric name="agent_planner" data="0" />
    <numeric name="agent_horizon" data="0.35" />
    <numeric name="agent_timestep" data="0.015" />
    <numeric name="sampling_trajectories" data="32"/>
    <numeric name="sampling_spline_points" data="3" />
    <numeric name="sampling_exploration" data="0.1" />
    <numeric name="gradient_spline_points" data="5" />
    <numeric name="sample_gradient_trajectories" data="8"/>
    <numeric name="residual_Height Goal" data="0.38 0.0 0.75" />
    <text name="task_transition" data="Stand|Handstand" />
  </custom>

  <sensor>
    <user name="Height" dim="1" user="6 100.0 0.0 100.0 0.1" />
    <user name="Balance" dim="1" user="6 50.0 0.0 100.0 0.1" />
    <user name="CoM Vel." dim="2" user="0 10.0 0.0 100.0" />
    <user name="Ctrl Diff" dim="18" user="0 0.25 0.0 1.0" />
    <user name="Upright" dim="13" user="2 5.0 0.0 25.0 0.01" />
    <user name="Joint Vel" dim="18" user="0 1.0e-5 0 1.0e-3" />
    <framepos name="head_position" objtype="site" objname="head"/>
    <framepos name="left_foot_position" objtype="site" objname="left_foot"/>
    <framepos name="right_foot_position" objtype="site" objname="right_foot"/>
    <subtreelinvel name="body_subtreelinvel" body="body_link"/>
    <subtreecom name="body_subtreecom" body="body_link"/>
    <framezaxis name="torso_up" objtype="site" objname="torso"/>
    <framezaxis name="foot_right_up" objtype="site" objname="right_foot"/>
    <framezaxis name="foot_left_up" objtype="site" objname="left_foot"/>
    <framepos name="left_hand_position" objtype="site" objname="left_hand"/>
    <framepos name="right_hand_position" objtype="site" objname="right_hand"/>
    <frameyaxis name="hand_right_up" objtype="site" objname="right_hand"/>
    <frameyaxis name="hand_left_up" objtype="site" objname="left_hand"/>
  </sensor>

  <keyframe>
    <key name='home' qpos='-0.00363268 -6.3448e-07 0.246 1 0 0 0 -0.534072 0.879648 -0.62832 0.534072 -0.879648 0.62832 1.93442e-05 -6.23496e-05 -0.596904 1.13098 0.534072 0 -1.80695e-05 6.15245e-05 0.596904 -1.13098 -0.534072 4.91532e-06'/>
    <key name='handstand' qpos='-0.00363268 -6.3448e-07 0.338 0 1 0 0 3.1416 0.879648 -0.62832 -3.1416 -0.879648 0.62832 1.93442e-05 -6.23496e-05 -0.596904 1.13098 0.534072 0 -1.80695e-05 6.15245e-05 0.596904 -1.13098 -0.534072 4.91532e-06'/>
  </keyframe>
</mujoco>
